[
 {
  "sid":"BNO055:193",
  "className":"Simulink.TriggerPort",
  "icon":"BNO0551",
  "name":"function",
  "label":"function",
  "parent":"BNO055:191",
  "inspector":{
   "params":[
    "TriggerType",
    "IsSimulinkFunction",
    "StatesWhenEnabling",
    "PropagateVarSize",
    "ShowOutputPort",
    "OutputDataType",
    "SampleTimeType",
    "SampleTime",
    "ZeroCross",
    "PortDimensions",
    "TriggerSignalSampleTime",
    "OutMin",
    "OutMax",
    "OutDataTypeStr",
    "Interpolate",
    "FunctionName",
    "FunctionPrototype",
    "FunctionVisibility",
    "GeneratePreprocessorConditionals",
    "InitialTriggerSignalState",
    "QueueOption",
    "ScopeName",
    "Variant",
    "VariantControl"
   ],
   "values":[
    "function-call",
    "off",
    "held",
    "During execution",
    "off",
    "auto",
    "triggered",
    "1",
    "on",
    "-1",
    "-1",
    "[]",
    "[]",
    "Inherit: auto",
    "on",
    "",
    "f()",
    "global",
    "off",
    "compatibility (no trigger on first evaluation)",
    "One message at a time",
    "",
    "off",
    "Variant"
   ],
   "tabs":[
    "Main",
    "Signal Attributes",
    "-Other"
   ],
   "tabs_idx":[
    0,
    9,
    15
   ]
  },
  "viewer":{
   "jshandler":"webview/handlers/ElementHandler"
  },
  "obj_viewer":[
  ],
  "finder":{
   "blocktype":"TriggerPort",
   "masktype":""
  }
 },
 {
  "sid":"BNO055:198",
  "className":"Simulink.SubSystem",
  "icon":"BNO0555",
  "name":"MATLAB Function1",
  "label":"MATLAB Function1",
  "parent":"BNO055:191",
  "inspector":{
   "params":[
    "ShowPortLabels",
    "Permissions",
    "ErrorFcn",
    "PermitHierarchicalResolution",
    "MinAlgLoopOccurrences",
    "RTWSystemCode",
    "AllowZeroVariantControls",
    "AutoFrameSizeCalculation",
    "BlockChoice",
    "CompiledActiveChoiceBlock",
    "CompiledActiveChoiceControl",
    "ExecutionDomainType",
    "FunctionInterfaceSpec",
    "FunctionWithSeparateData",
    "IsSubsystemVirtual",
    "LabelModeActiveChoice",
    "Latency",
    "MemberBlocks",
    "PartitionName",
    "PropagateVariantConditions",
    "RTWFcnName",
    "RTWFcnNameOpts",
    "RTWFileName",
    "RTWFileNameOpts",
    "RTWMemSecDataConstants",
    "RTWMemSecDataInternal",
    "RTWMemSecDataParameters",
    "RTWMemSecFuncExecute",
    "RTWMemSecFuncInitTerm",
    "ReferencedSubsystem",
    "ScheduleAs",
    "SetExecutionDomain",
    "SystemSampleTime",
    "TemplateBlock",
    "TreatAsAtomicUnit",
    "TreatAsGroupedWhenPropagatingVariantConditions",
    "Variant",
    "VariantActivationTime",
    "VariantChoices",
    "VariantControl",
    "VariantControlMode"
   ],
   "values":[
    "FromPortIcon",
    "ReadWrite",
    "Stateflow.Translate.translate",
    "ExplicitOnly",
    "off",
    "Auto",
    "off",
    "off",
    "",
    "",
    "",
    "Deduce",
    "void_void",
    "off",
    "off",
    "",
    "0",
    "",
    "",
    "off",
    "",
    "Auto",
    "",
    "Auto",
    "Inherit from model",
    "Inherit from model",
    "Inherit from model",
    "Inherit from model",
    "Inherit from model",
    "",
    "Sample time",
    "off",
    "-1",
    "",
    "on",
    "on",
    "off",
    "update diagram",
    [
    ],
    "",
    "expression"
   ],
   "tabs":[
    "Main",
    "Code Generation",
    "-Other"
   ],
   "tabs_idx":[
    0,
    5,
    6
   ]
  },
  "viewer":{
   "jshandler":"webview/handlers/ElementHandler"
  },
  "obj_viewer":{
   "code":"function y = fcn(i,u)\npersistent A\nif isempty(A)\n    A = zeros(1,8);\nend\nA(1,i) = u(1);\ny = A;\n",
   "code_sid":"BNO055:198:1"
  },
  "finder":{
   "blocktype":"SubSystem",
   "masktype":""
  }
 },
 {
  "sid":"BNO055:192",
  "className":"Simulink.Inport",
  "icon":"BNO0551",
  "name":"In1",
  "label":"In1",
  "parent":"BNO055:191",
  "inspector":{
   "params":[
    "Port",
    "IconDisplay",
    "LatchByDelayingOutsideSignal",
    "LatchInputForFeedbackSignals",
    "OutputFunctionCall",
    "OutMin",
    "OutMax",
    "OutDataTypeStr",
    "LockScale",
    "Unit",
    "PortDimensions",
    "VarSizeSig",
    "SampleTime",
    "SignalType",
    "BusOutputAsStruct",
    "BusVirtuality",
    "DataMode",
    "InputConnect",
    "Interpolate",
    "MessageQueueCapacity",
    "MessageQueueOverwriting",
    "MessageQueueType",
    "MessageQueueUseDefaultAttributes"
   ],
   "values":[
    "1",
    "Port number",
    "off",
    "off",
    "off",
    "[]",
    "[]",
    "Inherit: auto",
    "off",
    "inherit",
    "-1",
    "Inherit",
    "-1",
    "auto",
    "off",
    "inherit",
    "inherit",
    "",
    "on",
    "1",
    "on",
    "LIFO",
    "on"
   ],
   "tabs":[
    "Main",
    "Signal Attributes",
    "-Other"
   ],
   "tabs_idx":[
    0,
    4,
    14
   ]
  },
  "viewer":{
   "jshandler":"webview/handlers/ElementHandler"
  },
  "obj_viewer":[
  ],
  "finder":{
   "blocktype":"Inport",
   "masktype":""
  }
 },
 {
  "sid":"BNO055:200",
  "className":"Simulink.Outport",
  "icon":"BNO0551",
  "name":"Out1",
  "label":"Out1",
  "parent":"BNO055:191",
  "inspector":{
   "params":[
    "Port",
    "IconDisplay",
    "EnsureOutportIsVirtual",
    "SourceOfInitialOutputValue",
    "OutputWhenDisabled",
    "InitialOutput",
    "OutMin",
    "OutMax",
    "OutDataTypeStr",
    "LockScale",
    "Unit",
    "PortDimensions",
    "VarSizeSig",
    "SampleTime",
    "SignalType",
    "BusOutputAsStruct",
    "BusVirtuality",
    "DataMode",
    "MustResolveToSignalObject",
    "OutputFunctionCall",
    "OutputWhenUnConnected",
    "OutputWhenUnconnectedValue",
    "SignalName",
    "SignalObject",
    "StorageClass",
    "VectorParamsAs1DForOutWhenUnconnected"
   ],
   "values":[
    "1",
    "Port number",
    "off",
    "Dialog",
    "held",
    "[]",
    "[]",
    "[]",
    "Inherit: auto",
    "off",
    "inherit",
    "-1",
    "Inherit",
    "-1",
    "auto",
    "off",
    "inherit",
    "inherit",
    "off",
    "off",
    "off",
    "0",
    "",
    [
    ],
    "Auto",
    "off"
   ],
   "tabs":[
    "Main",
    "Signal Attributes",
    "-Other"
   ],
   "tabs_idx":[
    0,
    6,
    15
   ]
  },
  "viewer":{
   "jshandler":"webview/handlers/ElementHandler"
  },
  "obj_viewer":[
  ],
  "finder":{
   "blocktype":"Outport",
   "masktype":""
  }
 },
 {
  "sid":"BNO055:195",
  "className":"Simulink.DataTypeConversion",
  "icon":"BNO0551",
  "name":"Data Type Conversion",
  "label":"Data Type Conversion",
  "parent":"BNO055:191",
  "inspector":{
   "params":[
    "OutMin",
    "OutMax",
    "OutDataTypeStr",
    "LockScale",
    "ConvertRealWorld",
    "RndMeth",
    "SaturateOnIntegerOverflow",
    "SampleTime"
   ],
   "values":[
    "[]",
    "[]",
    "uint16",
    "off",
    "Real World Value (RWV)",
    "Floor",
    "off",
    "-1"
   ],
   "tabs":[
    "Parameter Attributes",
    "-Other"
   ],
   "tabs_idx":[
    0,
    7
   ]
  },
  "viewer":{
   "jshandler":"webview/handlers/ElementHandler"
  },
  "obj_viewer":[
  ],
  "finder":{
   "blocktype":"DataTypeConversion",
   "masktype":""
  }
 },
 {
  "sid":"BNO055:194",
  "className":"Simulink.SFunction",
  "icon":"BNO0551",
  "name":"Bitwise OR",
  "label":"Bitwise OR",
  "parent":"BNO055:191",
  "inspector":{
   "params":[
    "logicop",
    "UseBitMask",
    "NumInputPorts",
    "BitMask",
    "BitMaskRealWorld"
   ],
   "values":[
    "OR",
    "off",
    "2",
    "bin2dec('11011001')",
    "Stored Integer"
   ],
   "tabs":[
   ],
   "tabs_idx":[
   ]
  },
  "viewer":{
   "jshandler":"webview/handlers/ElementHandler"
  },
  "obj_viewer":[
  ],
  "finder":{
   "blocktype":"S-Function",
   "masktype":"Bitwise Operator"
  }
 },
 {
  "sid":"BNO055:196",
  "className":"Simulink.Demux",
  "icon":"BNO0551",
  "name":"Demux",
  "label":"Demux",
  "parent":"BNO055:191",
  "inspector":{
   "params":[
    "Outputs",
    "DisplayOption",
    "BusSelectionMode"
   ],
   "values":[
    "2",
    "bar",
    "off"
   ],
   "tabs":[
    "Parameter Attributes"
   ],
   "tabs_idx":0
  },
  "viewer":{
   "jshandler":"webview/handlers/ElementHandler"
  },
  "obj_viewer":[
  ],
  "finder":{
   "blocktype":"Demux",
   "masktype":""
  }
 },
 {
  "sid":"BNO055:199",
  "className":"Simulink.ArithShift",
  "icon":"BNO0551",
  "name":"Shift Arithmetic1",
  "label":"Shift Arithmetic1",
  "parent":"BNO055:191",
  "inspector":{
   "params":[
    "BitShiftNumberSource",
    "BitShiftDirection",
    "BitShiftNumber",
    "BinPtShiftNumber",
    "DiagnosticForOORShift",
    "CheckOORBitShift"
   ],
   "values":[
    "Dialog",
    "Left",
    "8",
    "0",
    "None",
    "off"
   ],
   "tabs":[
    "Data and Algorithm",
    "-Other"
   ],
   "tabs_idx":[
    0,
    5
   ]
  },
  "viewer":{
   "jshandler":"webview/handlers/ElementHandler"
  },
  "obj_viewer":[
  ],
  "finder":{
   "blocktype":"ArithShift",
   "masktype":""
  }
 },
 {
  "sid":"BNO055:197",
  "className":"Simulink.SFunction",
  "icon":"BNO0551",
  "name":"I2C Receive",
  "label":"I2C Receive",
  "parent":"BNO055:191",
  "inspector":{
   "params":[
    "selectModule",
    "addrFormat",
    "saSource",
    "SAR",
    "bitCount",
    "dataLength",
    "initValue",
    "NACK",
    "STP",
    "STR",
    "sampleTime",
    "dataType"
   ],
   "values":[
    "I2C_A",
    "7-Bit addressing",
    "Specify via dialog",
    "hex2dec('76')",
    "8",
    "2",
    "0",
    "on",
    "on",
    "off",
    "-1",
    "uint8"
   ],
   "tabs":[
   ],
   "tabs_idx":[
   ]
  },
  "viewer":{
   "jshandler":"webview/handlers/ElementHandler"
  },
  "obj_viewer":[
  ],
  "finder":{
   "blocktype":"S-Function",
   "masktype":"C28x I2C Receive"
  }
 },
 {
  "sid":"BNO055:192#out:1",
  "className":"Simulink.Line",
  "icon":"BNO0554",
  "name":"",
  "label":"",
  "parent":"BNO055:191",
  "inspector":{
   "params":[
    "SignalNameFromLabel",
    "MustResolveToSignal",
    "ShowPropagatedSignal",
    "DataLogging",
    "TestPoint",
    "SignalObjectPackage",
    "StorageClass",
    "Description",
    "documentLink"
   ],
   "values":[
    "",
    "off",
    "off",
    "off",
    "off",
    "Simulink",
    "Auto",
    "",
    ""
   ],
   "tabs":[
    "Parameter Attributes",
    "Logging and Accessibility",
    "Code Generation",
    "Documentation"
   ],
   "tabs_idx":[
    0,
    3,
    5,
    7
   ]
  },
  "viewer":{
   "jshandler":"webview/handlers/ElementHandler"
  },
  "obj_viewer":[
  ],
  "finder":[
  ]
 },
 {
  "sid":"BNO055:198#out:1",
  "className":"Simulink.Line",
  "icon":"BNO0554",
  "name":"",
  "label":"",
  "parent":"BNO055:191",
  "inspector":{
   "params":[
    "SignalNameFromLabel",
    "MustResolveToSignal",
    "ShowPropagatedSignal",
    "DataLogging",
    "TestPoint",
    "SignalObjectPackage",
    "StorageClass",
    "Description",
    "documentLink"
   ],
   "values":[
    "",
    "off",
    "off",
    "off",
    "off",
    "Simulink",
    "Auto",
    "",
    ""
   ],
   "tabs":[
    "Parameter Attributes",
    "Logging and Accessibility",
    "Code Generation",
    "Documentation"
   ],
   "tabs_idx":[
    0,
    3,
    5,
    7
   ]
  },
  "viewer":{
   "jshandler":"webview/handlers/ElementHandler"
  },
  "obj_viewer":[
  ],
  "finder":[
  ]
 },
 {
  "sid":"BNO055:195#out:1",
  "className":"Simulink.Line",
  "icon":"BNO0554",
  "name":"",
  "label":"",
  "parent":"BNO055:191",
  "inspector":{
   "params":[
    "SignalNameFromLabel",
    "MustResolveToSignal",
    "ShowPropagatedSignal",
    "DataLogging",
    "TestPoint",
    "SignalObjectPackage",
    "StorageClass",
    "Description",
    "documentLink"
   ],
   "values":[
    "",
    "off",
    "off",
    "off",
    "off",
    "Simulink",
    "Auto",
    "",
    ""
   ],
   "tabs":[
    "Parameter Attributes",
    "Logging and Accessibility",
    "Code Generation",
    "Documentation"
   ],
   "tabs_idx":[
    0,
    3,
    5,
    7
   ]
  },
  "viewer":{
   "jshandler":"webview/handlers/ElementHandler"
  },
  "obj_viewer":[
  ],
  "finder":[
  ]
 },
 {
  "sid":"BNO055:196#out:1",
  "className":"Simulink.Line",
  "icon":"BNO0554",
  "name":"",
  "label":"",
  "parent":"BNO055:191",
  "inspector":{
   "params":[
    "SignalNameFromLabel",
    "MustResolveToSignal",
    "ShowPropagatedSignal",
    "DataLogging",
    "TestPoint",
    "SignalObjectPackage",
    "StorageClass",
    "Description",
    "documentLink"
   ],
   "values":[
    "",
    "off",
    "off",
    "off",
    "off",
    "Simulink",
    "Auto",
    "",
    ""
   ],
   "tabs":[
    "Parameter Attributes",
    "Logging and Accessibility",
    "Code Generation",
    "Documentation"
   ],
   "tabs_idx":[
    0,
    3,
    5,
    7
   ]
  },
  "viewer":{
   "jshandler":"webview/handlers/ElementHandler"
  },
  "obj_viewer":[
  ],
  "finder":[
  ]
 },
 {
  "sid":"BNO055:196#out:2",
  "className":"Simulink.Line",
  "icon":"BNO0554",
  "name":"",
  "label":"",
  "parent":"BNO055:191",
  "inspector":{
   "params":[
    "SignalNameFromLabel",
    "MustResolveToSignal",
    "ShowPropagatedSignal",
    "DataLogging",
    "TestPoint",
    "SignalObjectPackage",
    "StorageClass",
    "Description",
    "documentLink"
   ],
   "values":[
    "",
    "off",
    "off",
    "off",
    "off",
    "Simulink",
    "Auto",
    "",
    ""
   ],
   "tabs":[
    "Parameter Attributes",
    "Logging and Accessibility",
    "Code Generation",
    "Documentation"
   ],
   "tabs_idx":[
    0,
    3,
    5,
    7
   ]
  },
  "viewer":{
   "jshandler":"webview/handlers/ElementHandler"
  },
  "obj_viewer":[
  ],
  "finder":[
  ]
 },
 {
  "sid":"BNO055:194#out:1",
  "className":"Simulink.Line",
  "icon":"BNO0554",
  "name":"",
  "label":"",
  "parent":"BNO055:191",
  "inspector":{
   "params":[
    "SignalNameFromLabel",
    "MustResolveToSignal",
    "ShowPropagatedSignal",
    "DataLogging",
    "TestPoint",
    "SignalObjectPackage",
    "StorageClass",
    "Description",
    "documentLink"
   ],
   "values":[
    "",
    "off",
    "off",
    "off",
    "off",
    "Simulink",
    "Auto",
    "",
    ""
   ],
   "tabs":[
    "Parameter Attributes",
    "Logging and Accessibility",
    "Code Generation",
    "Documentation"
   ],
   "tabs_idx":[
    0,
    3,
    5,
    7
   ]
  },
  "viewer":{
   "jshandler":"webview/handlers/ElementHandler"
  },
  "obj_viewer":[
  ],
  "finder":[
  ]
 },
 {
  "sid":"BNO055:199#out:1",
  "className":"Simulink.Line",
  "icon":"BNO0554",
  "name":"",
  "label":"",
  "parent":"BNO055:191",
  "inspector":{
   "params":[
    "SignalNameFromLabel",
    "MustResolveToSignal",
    "ShowPropagatedSignal",
    "DataLogging",
    "TestPoint",
    "SignalObjectPackage",
    "StorageClass",
    "Description",
    "documentLink"
   ],
   "values":[
    "",
    "off",
    "off",
    "off",
    "off",
    "Simulink",
    "Auto",
    "",
    ""
   ],
   "tabs":[
    "Parameter Attributes",
    "Logging and Accessibility",
    "Code Generation",
    "Documentation"
   ],
   "tabs_idx":[
    0,
    3,
    5,
    7
   ]
  },
  "viewer":{
   "jshandler":"webview/handlers/ElementHandler"
  },
  "obj_viewer":[
  ],
  "finder":[
  ]
 },
 {
  "sid":"BNO055:197#out:1",
  "className":"Simulink.Line",
  "icon":"BNO0554",
  "name":"",
  "label":"",
  "parent":"BNO055:191",
  "inspector":{
   "params":[
    "SignalNameFromLabel",
    "MustResolveToSignal",
    "ShowPropagatedSignal",
    "DataLogging",
    "TestPoint",
    "SignalObjectPackage",
    "StorageClass",
    "Description",
    "documentLink"
   ],
   "values":[
    "",
    "off",
    "off",
    "off",
    "off",
    "Simulink",
    "Auto",
    "",
    ""
   ],
   "tabs":[
    "Parameter Attributes",
    "Logging and Accessibility",
    "Code Generation",
    "Documentation"
   ],
   "tabs_idx":[
    0,
    3,
    5,
    7
   ]
  },
  "viewer":{
   "jshandler":"webview/handlers/ElementHandler"
  },
  "obj_viewer":[
  ],
  "finder":[
  ]
 }
]