[
 {
  "sid":"BNO055:144",
  "className":"Simulink.TriggerPort",
  "icon":"BNO0551",
  "name":"function",
  "label":"function",
  "parent":"BNO055:143",
  "inspector":{
   "params":[
    "TriggerType",
    "IsSimulinkFunction",
    "StatesWhenEnabling",
    "PropagateVarSize",
    "ShowOutputPort",
    "OutputDataType",
    "SampleTimeType",
    "SampleTime",
    "ZeroCross",
    "PortDimensions",
    "TriggerSignalSampleTime",
    "OutMin",
    "OutMax",
    "OutDataTypeStr",
    "Interpolate",
    "FunctionName",
    "FunctionPrototype",
    "FunctionVisibility",
    "GeneratePreprocessorConditionals",
    "InitialTriggerSignalState",
    "QueueOption",
    "ScopeName",
    "Variant",
    "VariantControl"
   ],
   "values":[
    "function-call",
    "off",
    "held",
    "During execution",
    "off",
    "auto",
    "triggered",
    "1",
    "on",
    "-1",
    "-1",
    "[]",
    "[]",
    "Inherit: auto",
    "on",
    "",
    "f()",
    "global",
    "off",
    "compatibility (no trigger on first evaluation)",
    "One message at a time",
    "",
    "off",
    "(inherit)"
   ],
   "tabs":[
    "Main",
    "Signal Attributes",
    "-Other"
   ],
   "tabs_idx":[
    0,
    9,
    15
   ]
  },
  "viewer":{
   "jshandler":"webview/handlers/ElementHandler"
  },
  "obj_viewer":[
  ],
  "finder":{
   "blocktype":"TriggerPort",
   "masktype":""
  }
 },
 {
  "sid":"BNO055:145",
  "className":"Simulink.SFunction",
  "icon":"BNO0551",
  "name":"I2C Receive",
  "label":"I2C Receive",
  "parent":"BNO055:143",
  "inspector":{
   "params":[
    "selectModule",
    "addrFormat",
    "saSource",
    "SAR",
    "bitCount",
    "dataLength",
    "initValue",
    "NACK",
    "STP",
    "STR",
    "sampleTime",
    "dataType"
   ],
   "values":[
    "I2C_A",
    "7-Bit addressing",
    "Specify via dialog",
    "118",
    "8",
    "3",
    "0",
    "off",
    "on",
    "off",
    "-1",
    "uint8"
   ],
   "tabs":[
   ],
   "tabs_idx":[
   ]
  },
  "viewer":{
   "jshandler":"webview/handlers/ElementHandler"
  },
  "obj_viewer":[
  ],
  "finder":{
   "blocktype":"S-Function",
   "masktype":"C28x I2C Receive"
  }
 },
 {
  "sid":"BNO055:146",
  "className":"Simulink.Outport",
  "icon":"BNO0551",
  "name":"Out1",
  "label":"Out1",
  "parent":"BNO055:143",
  "inspector":{
   "params":[
    "Port",
    "IconDisplay",
    "EnsureOutportIsVirtual",
    "SourceOfInitialOutputValue",
    "OutputWhenDisabled",
    "InitialOutput",
    "OutMin",
    "OutMax",
    "OutDataTypeStr",
    "LockScale",
    "Unit",
    "PortDimensions",
    "VarSizeSig",
    "SampleTime",
    "SignalType",
    "BusOutputAsStruct",
    "BusVirtuality",
    "DataMode",
    "MustResolveToSignalObject",
    "OutputFunctionCall",
    "OutputWhenUnConnected",
    "OutputWhenUnconnectedValue",
    "SignalName",
    "SignalObject",
    "StorageClass",
    "VectorParamsAs1DForOutWhenUnconnected"
   ],
   "values":[
    "1",
    "Port number",
    "off",
    "Dialog",
    "held",
    "[]",
    "[]",
    "[]",
    "Inherit: auto",
    "off",
    "inherit",
    "-1",
    "Inherit",
    "-1",
    "auto",
    "off",
    "inherit",
    "inherit",
    "off",
    "off",
    "off",
    "0",
    "",
    [
    ],
    "Auto",
    "on"
   ],
   "tabs":[
    "Main",
    "Signal Attributes",
    "-Other"
   ],
   "tabs_idx":[
    0,
    6,
    15
   ]
  },
  "viewer":{
   "jshandler":"webview/handlers/ElementHandler"
  },
  "obj_viewer":[
  ],
  "finder":{
   "blocktype":"Outport",
   "masktype":""
  }
 },
 {
  "sid":"BNO055:145#out:1",
  "className":"Simulink.Line",
  "icon":"BNO0554",
  "name":"",
  "label":"",
  "parent":"BNO055:143",
  "inspector":{
   "params":[
    "SignalNameFromLabel",
    "MustResolveToSignal",
    "ShowPropagatedSignal",
    "DataLogging",
    "TestPoint",
    "SignalObjectPackage",
    "StorageClass",
    "Description",
    "documentLink"
   ],
   "values":[
    "",
    "off",
    "off",
    "off",
    "off",
    "Simulink",
    "Auto",
    "",
    ""
   ],
   "tabs":[
    "Parameter Attributes",
    "Logging and Accessibility",
    "Code Generation",
    "Documentation"
   ],
   "tabs_idx":[
    0,
    3,
    5,
    7
   ]
  },
  "viewer":{
   "jshandler":"webview/handlers/ElementHandler"
  },
  "obj_viewer":[
  ],
  "finder":[
  ]
 }
]