[
 {
  "sid":"BNO055:4",
  "className":"System Outputs",
  "icon":"BNO0553",
  "name":"System Outputs",
  "label":"System Outputs",
  "parent":"BNO055:8",
  "inspector":{
   "params":[
    "ShowInLibBrowser"
   ],
   "values":[
    "0"
   ],
   "tabs":[
   ],
   "tabs_idx":[
   ]
  },
  "viewer":{
   "jshandler":"webview/handlers/ElementHandler"
  },
  "obj_viewer":[
  ],
  "finder":{
   "blocktype":"SubSystem",
   "masktype":"System Outputs"
  }
 },
 {
  "sid":"BNO055:12",
  "className":"Simulink.EnablePort",
  "icon":"BNO0551",
  "name":"Enable",
  "label":"Enable",
  "parent":"BNO055:8",
  "inspector":{
   "params":[
    "StatesWhenEnabling",
    "PropagateVarSize",
    "ShowOutputPort",
    "ZeroCross",
    "PortDimensions",
    "SampleTime",
    "OutMin",
    "OutMax",
    "OutDataTypeStr",
    "Interpolate"
   ],
   "values":[
    "held",
    "Only when enabling",
    "off",
    "on",
    "1",
    "-1",
    "[]",
    "[]",
    "double",
    "on"
   ],
   "tabs":[
    "Main",
    "Signal Attributes"
   ],
   "tabs_idx":[
    0,
    4
   ]
  },
  "viewer":{
   "jshandler":"webview/handlers/ElementHandler"
  },
  "obj_viewer":[
  ],
  "finder":{
   "blocktype":"EnablePort",
   "masktype":""
  }
 }
]