[
 {
  "sid":"BNO055:283",
  "className":"Simulink.TriggerPort",
  "icon":"BNO0551",
  "name":"function",
  "label":"function",
  "parent":"BNO055:282",
  "inspector":{
   "params":[
    "TriggerType",
    "IsSimulinkFunction",
    "StatesWhenEnabling",
    "PropagateVarSize",
    "ShowOutputPort",
    "OutputDataType",
    "SampleTimeType",
    "SampleTime",
    "ZeroCross",
    "PortDimensions",
    "TriggerSignalSampleTime",
    "OutMin",
    "OutMax",
    "OutDataTypeStr",
    "Interpolate",
    "FunctionName",
    "FunctionPrototype",
    "FunctionVisibility",
    "GeneratePreprocessorConditionals",
    "InitialTriggerSignalState",
    "QueueOption",
    "ScopeName",
    "Variant",
    "VariantControl"
   ],
   "values":[
    "function-call",
    "off",
    "held",
    "During execution",
    "off",
    "auto",
    "triggered",
    "1",
    "on",
    "-1",
    "-1",
    "[]",
    "[]",
    "Inherit: auto",
    "on",
    "",
    "f()",
    "global",
    "off",
    "compatibility (no trigger on first evaluation)",
    "One message at a time",
    "",
    "off",
    "(inherit)"
   ],
   "tabs":[
    "Main",
    "Signal Attributes",
    "-Other"
   ],
   "tabs_idx":[
    0,
    9,
    15
   ]
  },
  "viewer":{
   "jshandler":"webview/handlers/ElementHandler"
  },
  "obj_viewer":[
  ],
  "finder":{
   "blocktype":"TriggerPort",
   "masktype":""
  }
 },
 {
  "sid":"BNO055:290",
  "className":"Simulink.SFunction",
  "icon":"BNO0551",
  "name":"Memory Copy",
  "label":"Memory Copy",
  "parent":"BNO055:282",
  "inspector":{
   "params":[
    "copyFrom",
    "copyFromAddressSource",
    "copyFromAddress",
    "copyFromSrcCode",
    "dataTypeFrom",
    "dataDimensionFrom",
    "useOffsetFrom",
    "offsetFromSrc",
    "offsetFrom",
    "strideFrom",
    "copyTo",
    "copyToAddressSource",
    "copyToAddress",
    "copyToSrcCode",
    "dataTypeTo",
    "useOffsetTo",
    "offsetToSrc",
    "offsetTo",
    "strideTo",
    "sampleTime",
    "useInitValue",
    "initValueSrc",
    "initValue",
    "initValueSrcCode",
    "useAsMask",
    "maskOperator",
    "useTermValue",
    "termValue",
    "isRealtimeEnabled",
    "emitCCBeforeWrite",
    "CCBeforeWrite",
    "emitCCAfterWrite",
    "CCAfterWrite",
    "useDMACopy",
    "enableBlockingMode"
   ],
   "values":[
    "Specified source code symbol",
    "Specify via dialog",
    "hex2dec('00001000')",
    "&Yaw_rate",
    "single",
    "1",
    "off",
    "Specify via dialog",
    "0",
    "1",
    "Output port",
    "Specify via dialog",
    "hex2dec('00002000')",
    "myVariableDst",
    "Inherit from source",
    "off",
    "Specify via dialog",
    "0",
    "1",
    "-1",
    "off",
    "Specify constant value",
    "1",
    "myInitValueVariable",
    "off",
    "bitwise AND",
    "off",
    "1",
    "off",
    "off",
    "/* Custom Code Before Write*/",
    "off",
    "/* Custom Code After Write*/",
    "off",
    "off"
   ],
   "tabs":[
   ],
   "tabs_idx":[
   ]
  },
  "viewer":{
   "jshandler":"webview/handlers/ElementHandler"
  },
  "obj_viewer":[
  ],
  "finder":{
   "blocktype":"S-Function",
   "masktype":"Memory Copy"
  }
 },
 {
  "sid":"BNO055:291",
  "className":"Simulink.Outport",
  "icon":"BNO0551",
  "name":"Out1",
  "label":"Out1",
  "parent":"BNO055:282",
  "inspector":{
   "params":[
    "Port",
    "IconDisplay",
    "EnsureOutportIsVirtual",
    "SourceOfInitialOutputValue",
    "OutputWhenDisabled",
    "InitialOutput",
    "OutMin",
    "OutMax",
    "OutDataTypeStr",
    "LockScale",
    "Unit",
    "PortDimensions",
    "VarSizeSig",
    "SampleTime",
    "SignalType",
    "BusOutputAsStruct",
    "BusVirtuality",
    "DataMode",
    "MustResolveToSignalObject",
    "OutputFunctionCall",
    "OutputWhenUnConnected",
    "OutputWhenUnconnectedValue",
    "SignalName",
    "SignalObject",
    "StorageClass",
    "VectorParamsAs1DForOutWhenUnconnected"
   ],
   "values":[
    "1",
    "Port number",
    "off",
    "Dialog",
    "held",
    "[]",
    "[]",
    "[]",
    "Inherit: auto",
    "off",
    "inherit",
    "-1",
    "Inherit",
    "-1",
    "auto",
    "off",
    "inherit",
    "inherit",
    "off",
    "off",
    "off",
    "0",
    "",
    [
    ],
    "Auto",
    "on"
   ],
   "tabs":[
    "Main",
    "Signal Attributes",
    "-Other"
   ],
   "tabs_idx":[
    0,
    6,
    15
   ]
  },
  "viewer":{
   "jshandler":"webview/handlers/ElementHandler"
  },
  "obj_viewer":[
  ],
  "finder":{
   "blocktype":"Outport",
   "masktype":""
  }
 },
 {
  "sid":"BNO055:294",
  "className":"Simulink.SFunction",
  "icon":"BNO0551",
  "name":"Memory Copy1",
  "label":"Memory Copy1",
  "parent":"BNO055:282",
  "inspector":{
   "params":[
    "copyFrom",
    "copyFromAddressSource",
    "copyFromAddress",
    "copyFromSrcCode",
    "dataTypeFrom",
    "dataDimensionFrom",
    "useOffsetFrom",
    "offsetFromSrc",
    "offsetFrom",
    "strideFrom",
    "copyTo",
    "copyToAddressSource",
    "copyToAddress",
    "copyToSrcCode",
    "dataTypeTo",
    "useOffsetTo",
    "offsetToSrc",
    "offsetTo",
    "strideTo",
    "sampleTime",
    "useInitValue",
    "initValueSrc",
    "initValue",
    "initValueSrcCode",
    "useAsMask",
    "maskOperator",
    "useTermValue",
    "termValue",
    "isRealtimeEnabled",
    "emitCCBeforeWrite",
    "CCBeforeWrite",
    "emitCCAfterWrite",
    "CCAfterWrite",
    "useDMACopy",
    "enableBlockingMode"
   ],
   "values":[
    "Specified source code symbol",
    "Specify via dialog",
    "hex2dec('00001000')",
    "&Yaw",
    "single",
    "1",
    "off",
    "Specify via dialog",
    "0",
    "1",
    "Output port",
    "Specify via dialog",
    "hex2dec('00002000')",
    "myVariableDst",
    "Inherit from source",
    "off",
    "Specify via dialog",
    "0",
    "1",
    "-1",
    "off",
    "Specify constant value",
    "1",
    "myInitValueVariable",
    "off",
    "bitwise AND",
    "off",
    "1",
    "off",
    "off",
    "/* Custom Code Before Write*/",
    "off",
    "/* Custom Code After Write*/",
    "off",
    "off"
   ],
   "tabs":[
   ],
   "tabs_idx":[
   ]
  },
  "viewer":{
   "jshandler":"webview/handlers/ElementHandler"
  },
  "obj_viewer":[
  ],
  "finder":{
   "blocktype":"S-Function",
   "masktype":"Memory Copy"
  }
 },
 {
  "sid":"BNO055:295",
  "className":"Simulink.Outport",
  "icon":"BNO0551",
  "name":"Out2",
  "label":"Out2",
  "parent":"BNO055:282",
  "inspector":{
   "params":[
    "Port",
    "IconDisplay",
    "EnsureOutportIsVirtual",
    "SourceOfInitialOutputValue",
    "OutputWhenDisabled",
    "InitialOutput",
    "OutMin",
    "OutMax",
    "OutDataTypeStr",
    "LockScale",
    "Unit",
    "PortDimensions",
    "VarSizeSig",
    "SampleTime",
    "SignalType",
    "BusOutputAsStruct",
    "BusVirtuality",
    "DataMode",
    "MustResolveToSignalObject",
    "OutputFunctionCall",
    "OutputWhenUnConnected",
    "OutputWhenUnconnectedValue",
    "SignalName",
    "SignalObject",
    "StorageClass",
    "VectorParamsAs1DForOutWhenUnconnected"
   ],
   "values":[
    "2",
    "Port number",
    "off",
    "Dialog",
    "held",
    "[]",
    "[]",
    "[]",
    "Inherit: auto",
    "off",
    "inherit",
    "-1",
    "Inherit",
    "-1",
    "auto",
    "off",
    "inherit",
    "inherit",
    "off",
    "off",
    "off",
    "0",
    "",
    [
    ],
    "Auto",
    "on"
   ],
   "tabs":[
    "Main",
    "Signal Attributes",
    "-Other"
   ],
   "tabs_idx":[
    0,
    6,
    15
   ]
  },
  "viewer":{
   "jshandler":"webview/handlers/ElementHandler"
  },
  "obj_viewer":[
  ],
  "finder":{
   "blocktype":"Outport",
   "masktype":""
  }
 },
 {
  "sid":"BNO055:290#out:1",
  "className":"Simulink.Line",
  "icon":"BNO0554",
  "name":"",
  "label":"",
  "parent":"BNO055:282",
  "inspector":{
   "params":[
    "SignalNameFromLabel",
    "MustResolveToSignal",
    "ShowPropagatedSignal",
    "DataLogging",
    "TestPoint",
    "SignalObjectPackage",
    "StorageClass",
    "Description",
    "documentLink"
   ],
   "values":[
    "",
    "off",
    "off",
    "off",
    "off",
    "Simulink",
    "Auto",
    "",
    ""
   ],
   "tabs":[
    "Parameter Attributes",
    "Logging and Accessibility",
    "Code Generation",
    "Documentation"
   ],
   "tabs_idx":[
    0,
    3,
    5,
    7
   ]
  },
  "viewer":{
   "jshandler":"webview/handlers/ElementHandler"
  },
  "obj_viewer":[
  ],
  "finder":[
  ]
 },
 {
  "sid":"BNO055:294#out:1",
  "className":"Simulink.Line",
  "icon":"BNO0554",
  "name":"",
  "label":"",
  "parent":"BNO055:282",
  "inspector":{
   "params":[
    "SignalNameFromLabel",
    "MustResolveToSignal",
    "ShowPropagatedSignal",
    "DataLogging",
    "TestPoint",
    "SignalObjectPackage",
    "StorageClass",
    "Description",
    "documentLink"
   ],
   "values":[
    "",
    "off",
    "off",
    "off",
    "off",
    "Simulink",
    "Auto",
    "",
    ""
   ],
   "tabs":[
    "Parameter Attributes",
    "Logging and Accessibility",
    "Code Generation",
    "Documentation"
   ],
   "tabs_idx":[
    0,
    3,
    5,
    7
   ]
  },
  "viewer":{
   "jshandler":"webview/handlers/ElementHandler"
  },
  "obj_viewer":[
  ],
  "finder":[
  ]
 }
]