[
 {
  "hid":1,
  "sid":"BNO055",
  "esid":"",
  "parent":0,
  "children":[
   2,
   3,
   4,
   5,
   6,
   7,
   8
  ],
  "name":"BNO055",
  "fullname":"BNO055",
  "label":"BNO055",
  "icon":"BNO0550",
  "svg":"support/slwebview_files/BNO055_d.svg",
  "thumbnail":"support/slwebview_files/BNO055_d.png",
  "backingUrl":"support/slwebview_files/BNO055_d.json",
  "elements":[
   ":2",
   ":8",
   ":14",
   ":15",
   ":231",
   ":156",
   ":221",
   ":275",
   ":278",
   ":224",
   ":297",
   ":293",
   ":229",
   ":20",
   ":22",
   ":277",
   ":230",
   ":21",
   ":2#out:1",
   ":15#out:1",
   ":21#out:1",
   ":221#out:1",
   ":20#out:1",
   ":156#out:1",
   ":229#out:1",
   ":231#out:1",
   ":230#out:1",
   ":278#out:1",
   ":278#out:2"
  ],
  "sameAsElement":false
 },
 {
  "hid":2,
  "sid":"BNO055:224",
  "esid":"BNO055:224",
  "parent":1,
  "children":[
   64,
   65
  ],
  "name":"Enabled\nSubsystem",
  "fullname":"BNO055/Enabled Subsystem",
  "label":"Enabled Subsystem",
  "icon":"BNO0552",
  "svg":"support/slwebview_files/BNO055_224_d.svg",
  "thumbnail":"support/slwebview_files/BNO055_224_d.png",
  "backingUrl":"support/slwebview_files/BNO055_224_d.json",
  "elements":[
   ":226",
   ":265",
   ":258",
   ":264",
   ":263",
   ":264#out:1",
   ":263#out:1",
   ":264#out:2"
  ],
  "sameAsElement":true
 },
 {
  "hid":64,
  "sid":"BNO055:258",
  "esid":"BNO055:258",
  "parent":2,
  "children":[
   67
  ],
  "name":"Function-Call\nSubsystem",
  "fullname":"BNO055/Enabled Subsystem/Function-Call Subsystem",
  "label":"Function-Call Subsystem",
  "icon":"BNO0552",
  "svg":"support/slwebview_files/BNO055_258_d.svg",
  "thumbnail":"support/slwebview_files/BNO055_258_d.png",
  "backingUrl":"support/slwebview_files/BNO055_258_d.json",
  "elements":[
   ":260",
   ":276"
  ],
  "sameAsElement":true
 },
 {
  "hid":67,
  "sid":"BNO055:276",
  "esid":"BNO055:276",
  "parent":64,
  "children":[
  ],
  "name":"System Outputs1",
  "fullname":"BNO055/Enabled Subsystem/Function-Call Subsystem/System Outputs1",
  "label":"System Outputs1",
  "icon":"BNO0553",
  "svg":"support/slwebview_files/BNO055_276_d.svg",
  "thumbnail":"support/slwebview_files/BNO055_276_d.png",
  "backingUrl":"support/slwebview_files/BNO055_276_d.json",
  "elements":[
  ],
  "sameAsElement":true
 },
 {
  "hid":65,
  "sid":"BNO055:265",
  "esid":"BNO055:265",
  "parent":2,
  "children":[
   66
  ],
  "name":"Function-Call\nSubsystem1",
  "fullname":"BNO055/Enabled Subsystem/Function-Call Subsystem1",
  "label":"Function-Call Subsystem1",
  "icon":"BNO0552",
  "svg":"support/slwebview_files/BNO055_265_d.svg",
  "thumbnail":"support/slwebview_files/BNO055_265_d.png",
  "backingUrl":"support/slwebview_files/BNO055_265_d.json",
  "elements":[
   ":266",
   ":274",
   ":269",
   ":273",
   ":273#out:1"
  ],
  "sameAsElement":true
 },
 {
  "hid":66,
  "sid":"BNO055:274",
  "esid":"BNO055:274",
  "parent":65,
  "children":[
  ],
  "name":"System Outputs",
  "fullname":"BNO055/Enabled Subsystem/Function-Call Subsystem1/System Outputs",
  "label":"System Outputs",
  "icon":"BNO0553",
  "svg":"support/slwebview_files/BNO055_274_d.svg",
  "thumbnail":"support/slwebview_files/BNO055_274_d.png",
  "backingUrl":"support/slwebview_files/BNO055_274_d.json",
  "elements":[
  ],
  "sameAsElement":true
 },
 {
  "hid":3,
  "sid":"BNO055:278",
  "esid":"BNO055:278",
  "parent":1,
  "children":[
   61,
   62
  ],
  "name":"Enabled\nSubsystem2",
  "fullname":"BNO055/Enabled Subsystem2",
  "label":"Enabled Subsystem2",
  "icon":"BNO0552",
  "svg":"support/slwebview_files/BNO055_278_d.svg",
  "thumbnail":"support/slwebview_files/BNO055_278_d.png",
  "backingUrl":"support/slwebview_files/BNO055_278_d.json",
  "elements":[
   ":279",
   ":296",
   ":292",
   ":282",
   ":280",
   ":281",
   ":285",
   ":281#out:2",
   ":280#out:1",
   ":281#out:1",
   ":282#out:1",
   ":282#out:2"
  ],
  "sameAsElement":true
 },
 {
  "hid":61,
  "sid":"BNO055:282",
  "esid":"BNO055:282",
  "parent":3,
  "children":[
  ],
  "name":"Function-Call\nSubsystem",
  "fullname":"BNO055/Enabled Subsystem2/Function-Call Subsystem",
  "label":"Function-Call Subsystem",
  "icon":"BNO0552",
  "svg":"support/slwebview_files/BNO055_282_d.svg",
  "thumbnail":"support/slwebview_files/BNO055_282_d.png",
  "backingUrl":"support/slwebview_files/BNO055_282_d.json",
  "elements":[
   ":283",
   ":290",
   ":291",
   ":294",
   ":295",
   ":290#out:1",
   ":294#out:1"
  ],
  "sameAsElement":true
 },
 {
  "hid":62,
  "sid":"BNO055:285",
  "esid":"BNO055:285",
  "parent":3,
  "children":[
   63
  ],
  "name":"Function-Call\nSubsystem1",
  "fullname":"BNO055/Enabled Subsystem2/Function-Call Subsystem1",
  "label":"Function-Call Subsystem1",
  "icon":"BNO0552",
  "svg":"support/slwebview_files/BNO055_285_d.svg",
  "thumbnail":"support/slwebview_files/BNO055_285_d.png",
  "backingUrl":"support/slwebview_files/BNO055_285_d.json",
  "elements":[
   ":286",
   ":289"
  ],
  "sameAsElement":true
 },
 {
  "hid":63,
  "sid":"BNO055:289",
  "esid":"BNO055:289",
  "parent":62,
  "children":[
  ],
  "name":"System Outputs",
  "fullname":"BNO055/Enabled Subsystem2/Function-Call Subsystem1/System Outputs",
  "label":"System Outputs",
  "icon":"BNO0553",
  "svg":"support/slwebview_files/BNO055_289_d.svg",
  "thumbnail":"support/slwebview_files/BNO055_289_d.png",
  "backingUrl":"support/slwebview_files/BNO055_289_d.json",
  "elements":[
  ],
  "sameAsElement":true
 },
 {
  "hid":4,
  "sid":"BNO055:8",
  "esid":"BNO055:8",
  "parent":1,
  "children":[
   60
  ],
  "name":"Function-Call\nSubsystem",
  "fullname":"BNO055/Function-Call Subsystem",
  "label":"Function-Call Subsystem",
  "icon":"BNO0552",
  "svg":"support/slwebview_files/BNO055_8_d.svg",
  "thumbnail":"support/slwebview_files/BNO055_8_d.png",
  "backingUrl":"support/slwebview_files/BNO055_8_d.json",
  "elements":[
   ":4",
   ":12"
  ],
  "sameAsElement":true
 },
 {
  "hid":60,
  "sid":"BNO055:4",
  "esid":"BNO055:4",
  "parent":4,
  "children":[
  ],
  "name":"System Outputs",
  "fullname":"BNO055/Function-Call Subsystem/System Outputs",
  "label":"System Outputs",
  "icon":"BNO0553",
  "svg":"support/slwebview_files/BNO055_4_d.svg",
  "thumbnail":"support/slwebview_files/BNO055_4_d.png",
  "backingUrl":"support/slwebview_files/BNO055_4_d.json",
  "elements":[
  ],
  "sameAsElement":true
 },
 {
  "hid":5,
  "sid":"BNO055:275",
  "esid":"BNO055:275",
  "parent":1,
  "children":[
  ],
  "name":"Model Header",
  "fullname":"BNO055/Model Header",
  "label":"Model Header",
  "icon":"BNO0553",
  "svg":"support/slwebview_files/BNO055_275_d.svg",
  "thumbnail":"support/slwebview_files/BNO055_275_d.png",
  "backingUrl":"support/slwebview_files/BNO055_275_d.json",
  "elements":[
  ],
  "sameAsElement":true
 },
 {
  "hid":6,
  "sid":"BNO055:277",
  "esid":"BNO055:277",
  "parent":1,
  "children":[
  ],
  "name":"Model Source",
  "fullname":"BNO055/Model Source",
  "label":"Model Source",
  "icon":"BNO0553",
  "svg":"support/slwebview_files/BNO055_277_d.svg",
  "thumbnail":"support/slwebview_files/BNO055_277_d.png",
  "backingUrl":"support/slwebview_files/BNO055_277_d.json",
  "elements":[
  ],
  "sameAsElement":true
 },
 {
  "hid":7,
  "sid":"BNO055:22",
  "esid":"BNO055:22",
  "parent":1,
  "children":[
   29,
   30,
   31,
   32,
   33,
   34,
   35,
   36,
   37,
   38,
   39,
   40,
   41,
   42,
   43,
   44,
   45,
   46
  ],
  "name":"Subsystem3",
  "fullname":"BNO055/Subsystem3",
  "label":"Subsystem3",
  "icon":"BNO0552",
  "svg":"support/slwebview_files/BNO055_22_d.svg",
  "thumbnail":"support/slwebview_files/BNO055_22_d.png",
  "backingUrl":"support/slwebview_files/BNO055_22_d.json",
  "elements":[
   ":24",
   ":37",
   ":153",
   ":75",
   ":79",
   ":125",
   ":129",
   ":38",
   ":39",
   ":47",
   ":132",
   ":48",
   ":135",
   ":139",
   ":143",
   ":147",
   ":49",
   ":50",
   ":51",
   ":150",
   ":52",
   ":53",
   ":83",
   ":54",
   ":40",
   ":86",
   ":89",
   ":41",
   ":154",
   ":42",
   ":23",
   ":122",
   ":43",
   ":155",
   ":44",
   ":25",
   ":55",
   ":45",
   ":31",
   ":46",
   ":65",
   ":50#out:2",
   ":52#out:1",
   ":40#out:1",
   ":40#out:2",
   ":38#out:2",
   ":48#out:2",
   ":49#out:2",
   ":52#out:2",
   ":54#out:2",
   ":23#out:1",
   ":50#out:1",
   ":143#out:1",
   ":125#out:1",
   ":39#out:2",
   ":41#out:2",
   ":38#out:1",
   ":48#out:1",
   ":51#out:1",
   ":51#out:2",
   ":47#out:2",
   ":47#out:1",
   ":49#out:1",
   ":41#out:1",
   ":53#out:1",
   ":42#out:1",
   ":39#out:1",
   ":54#out:1",
   ":53#out:2",
   ":89#out:1",
   ":37#out:1",
   ":43#out:1",
   ":43#out:2",
   ":44#out:2",
   ":55#out:1",
   ":45#out:2",
   ":45#out:1",
   ":46#out:1",
   ":44#out:1",
   ":46#out:2",
   ":42#out:2",
   ":65#out:1"
  ],
  "sameAsElement":true
 },
 {
  "hid":29,
  "sid":"BNO055:25",
  "esid":"BNO055:25",
  "parent":7,
  "children":[
   59
  ],
  "name":"Ask For 8 Bytes3",
  "fullname":"BNO055/Subsystem3/Ask For 8 Bytes3",
  "label":"Ask For 8 Bytes3",
  "icon":"BNO0552",
  "svg":"support/slwebview_files/BNO055_25_d.svg",
  "thumbnail":"support/slwebview_files/BNO055_25_d.png",
  "backingUrl":"support/slwebview_files/BNO055_25_d.json",
  "elements":[
   ":26",
   ":28",
   ":27",
   ":30",
   ":29",
   ":28#out:1",
   ":27#out:1"
  ],
  "sameAsElement":true
 },
 {
  "hid":59,
  "sid":"BNO055:29",
  "esid":"BNO055:29",
  "parent":29,
  "children":[
  ],
  "name":"System Outputs",
  "fullname":"BNO055/Subsystem3/Ask For 8 Bytes3/System Outputs",
  "label":"System Outputs",
  "icon":"BNO0553",
  "svg":"support/slwebview_files/BNO055_29_d.svg",
  "thumbnail":"support/slwebview_files/BNO055_29_d.png",
  "backingUrl":"support/slwebview_files/BNO055_29_d.json",
  "elements":[
  ],
  "sameAsElement":true
 },
 {
  "hid":30,
  "sid":"BNO055:31",
  "esid":"BNO055:31",
  "parent":7,
  "children":[
   58
  ],
  "name":"Ask For 8 Bytes4",
  "fullname":"BNO055/Subsystem3/Ask For 8 Bytes4",
  "label":"Ask For 8 Bytes4",
  "icon":"BNO0552",
  "svg":"support/slwebview_files/BNO055_31_d.svg",
  "thumbnail":"support/slwebview_files/BNO055_31_d.png",
  "backingUrl":"support/slwebview_files/BNO055_31_d.json",
  "elements":[
   ":32",
   ":34",
   ":33",
   ":36",
   ":35",
   ":33#out:1",
   ":34#out:1"
  ],
  "sameAsElement":true
 },
 {
  "hid":58,
  "sid":"BNO055:35",
  "esid":"BNO055:35",
  "parent":30,
  "children":[
  ],
  "name":"System Outputs",
  "fullname":"BNO055/Subsystem3/Ask For 8 Bytes4/System Outputs",
  "label":"System Outputs",
  "icon":"BNO0553",
  "svg":"support/slwebview_files/BNO055_35_d.svg",
  "thumbnail":"support/slwebview_files/BNO055_35_d.png",
  "backingUrl":"support/slwebview_files/BNO055_35_d.json",
  "elements":[
  ],
  "sameAsElement":true
 },
 {
  "hid":31,
  "sid":"BNO055:55",
  "esid":"BNO055:55",
  "parent":7,
  "children":[
   57
  ],
  "name":"Read 6 bytes2",
  "fullname":"BNO055/Subsystem3/Read 6 bytes2",
  "label":"Read 6 bytes2",
  "icon":"BNO0552",
  "svg":"support/slwebview_files/BNO055_55_d.svg",
  "thumbnail":"support/slwebview_files/BNO055_55_d.png",
  "backingUrl":"support/slwebview_files/BNO055_55_d.json",
  "elements":[
   ":56",
   ":63",
   ":60",
   ":59",
   ":58",
   ":61",
   ":57",
   ":64",
   ":62",
   ":59#out:2",
   ":59#out:1",
   ":60#out:1",
   ":58#out:1",
   ":60#out:2",
   ":61#out:1",
   ":57#out:1"
  ],
  "sameAsElement":true
 },
 {
  "hid":57,
  "sid":"BNO055:62",
  "esid":"BNO055:62",
  "parent":31,
  "children":[
  ],
  "name":"System Outputs1",
  "fullname":"BNO055/Subsystem3/Read 6 bytes2/System Outputs1",
  "label":"System Outputs1",
  "icon":"BNO0553",
  "svg":"support/slwebview_files/BNO055_62_d.svg",
  "thumbnail":"support/slwebview_files/BNO055_62_d.png",
  "backingUrl":"support/slwebview_files/BNO055_62_d.json",
  "elements":[
  ],
  "sameAsElement":true
 },
 {
  "hid":32,
  "sid":"BNO055:65",
  "esid":"BNO055:65",
  "parent":7,
  "children":[
   56
  ],
  "name":"Read 6 bytes4",
  "fullname":"BNO055/Subsystem3/Read 6 bytes4",
  "label":"Read 6 bytes4",
  "icon":"BNO0552",
  "svg":"support/slwebview_files/BNO055_65_d.svg",
  "thumbnail":"support/slwebview_files/BNO055_65_d.png",
  "backingUrl":"support/slwebview_files/BNO055_65_d.json",
  "elements":[
   ":66",
   ":73",
   ":70",
   ":69",
   ":68",
   ":71",
   ":67",
   ":74",
   ":72",
   ":67#out:1",
   ":71#out:1",
   ":70#out:2",
   ":68#out:1",
   ":70#out:1",
   ":69#out:1",
   ":69#out:2"
  ],
  "sameAsElement":true
 },
 {
  "hid":56,
  "sid":"BNO055:72",
  "esid":"BNO055:72",
  "parent":32,
  "children":[
  ],
  "name":"System Outputs1",
  "fullname":"BNO055/Subsystem3/Read 6 bytes4/System Outputs1",
  "label":"System Outputs1",
  "icon":"BNO0553",
  "svg":"support/slwebview_files/BNO055_72_d.svg",
  "thumbnail":"support/slwebview_files/BNO055_72_d.png",
  "backingUrl":"support/slwebview_files/BNO055_72_d.json",
  "elements":[
  ],
  "sameAsElement":true
 },
 {
  "hid":33,
  "sid":"BNO055:75",
  "esid":"BNO055:75",
  "parent":7,
  "children":[
  ],
  "name":"Subsystem",
  "fullname":"BNO055/Subsystem3/Subsystem",
  "label":"Subsystem",
  "icon":"BNO0552",
  "svg":"support/slwebview_files/BNO055_75_d.svg",
  "thumbnail":"support/slwebview_files/BNO055_75_d.png",
  "backingUrl":"support/slwebview_files/BNO055_75_d.json",
  "elements":[
   ":76",
   ":78",
   ":77",
   ":77#out:1"
  ],
  "sameAsElement":true
 },
 {
  "hid":34,
  "sid":"BNO055:79",
  "esid":"BNO055:79",
  "parent":7,
  "children":[
  ],
  "name":"Subsystem1",
  "fullname":"BNO055/Subsystem3/Subsystem1",
  "label":"Subsystem1",
  "icon":"BNO0552",
  "svg":"support/slwebview_files/BNO055_79_d.svg",
  "thumbnail":"support/slwebview_files/BNO055_79_d.png",
  "backingUrl":"support/slwebview_files/BNO055_79_d.json",
  "elements":[
   ":80",
   ":82",
   ":81",
   ":81#out:1"
  ],
  "sameAsElement":true
 },
 {
  "hid":35,
  "sid":"BNO055:83",
  "esid":"BNO055:83",
  "parent":7,
  "children":[
   55
  ],
  "name":"Subsystem10",
  "fullname":"BNO055/Subsystem3/Subsystem10",
  "label":"Subsystem10",
  "icon":"BNO0552",
  "svg":"support/slwebview_files/BNO055_83_d.svg",
  "thumbnail":"support/slwebview_files/BNO055_83_d.png",
  "backingUrl":"support/slwebview_files/BNO055_83_d.json",
  "elements":[
   ":84",
   ":85"
  ],
  "sameAsElement":true
 },
 {
  "hid":55,
  "sid":"BNO055:85",
  "esid":"BNO055:85",
  "parent":35,
  "children":[
  ],
  "name":"System Outputs",
  "fullname":"BNO055/Subsystem3/Subsystem10/System Outputs",
  "label":"System Outputs",
  "icon":"BNO0553",
  "svg":"support/slwebview_files/BNO055_85_d.svg",
  "thumbnail":"support/slwebview_files/BNO055_85_d.png",
  "backingUrl":"support/slwebview_files/BNO055_85_d.json",
  "elements":[
  ],
  "sameAsElement":true
 },
 {
  "hid":36,
  "sid":"BNO055:86",
  "esid":"BNO055:86",
  "parent":7,
  "children":[
   54
  ],
  "name":"Subsystem11",
  "fullname":"BNO055/Subsystem3/Subsystem11",
  "label":"Subsystem11",
  "icon":"BNO0552",
  "svg":"support/slwebview_files/BNO055_86_d.svg",
  "thumbnail":"support/slwebview_files/BNO055_86_d.png",
  "backingUrl":"support/slwebview_files/BNO055_86_d.json",
  "elements":[
   ":87",
   ":88"
  ],
  "sameAsElement":true
 },
 {
  "hid":54,
  "sid":"BNO055:88",
  "esid":"BNO055:88",
  "parent":36,
  "children":[
  ],
  "name":"System Outputs",
  "fullname":"BNO055/Subsystem3/Subsystem11/System Outputs",
  "label":"System Outputs",
  "icon":"BNO0553",
  "svg":"support/slwebview_files/BNO055_88_d.svg",
  "thumbnail":"support/slwebview_files/BNO055_88_d.png",
  "backingUrl":"support/slwebview_files/BNO055_88_d.json",
  "elements":[
  ],
  "sameAsElement":true
 },
 {
  "hid":37,
  "sid":"BNO055:89",
  "esid":"BNO055:89",
  "parent":7,
  "children":[
   52,
   53
  ],
  "name":"Subsystem12",
  "fullname":"BNO055/Subsystem3/Subsystem12",
  "label":"Subsystem12",
  "icon":"BNO0552",
  "svg":"support/slwebview_files/BNO055_89_d.svg",
  "thumbnail":"support/slwebview_files/BNO055_89_d.png",
  "backingUrl":"support/slwebview_files/BNO055_89_d.json",
  "elements":[
   ":93",
   ":106",
   ":94",
   ":90",
   ":91",
   ":92",
   ":121",
   ":106#out:2",
   ":92#out:1",
   ":106#out:1",
   ":90#out:1",
   ":91#out:1",
   ":94#out:1"
  ],
  "sameAsElement":true
 },
 {
  "hid":52,
  "sid":"BNO055:94",
  "esid":"BNO055:94",
  "parent":37,
  "children":[
  ],
  "name":"Data acquisition",
  "fullname":"BNO055/Subsystem3/Subsystem12/Data acquisition",
  "label":"Data acquisition",
  "icon":"BNO0552",
  "svg":"support/slwebview_files/BNO055_94_d.svg",
  "thumbnail":"support/slwebview_files/BNO055_94_d.png",
  "backingUrl":"support/slwebview_files/BNO055_94_d.json",
  "elements":[
   ":96",
   ":97",
   ":98",
   ":99",
   ":95",
   ":105",
   ":100",
   ":101",
   ":102",
   ":103",
   ":104",
   ":98#out:6",
   ":96#out:1",
   ":97#out:1",
   ":98#out:2",
   ":98#out:3",
   ":98#out:4",
   ":98#out:5",
   ":98#out:7",
   ":95#out:1",
   ":99#out:4",
   ":98#out:1",
   ":98#out:8",
   ":99#out:1",
   ":99#out:2",
   ":99#out:3"
  ],
  "sameAsElement":true
 },
 {
  "hid":53,
  "sid":"BNO055:106",
  "esid":"BNO055:106",
  "parent":37,
  "children":[
  ],
  "name":"Subsystem2",
  "fullname":"BNO055/Subsystem3/Subsystem12/Subsystem2",
  "label":"Subsystem2",
  "icon":"BNO0552",
  "svg":"support/slwebview_files/BNO055_106_d.svg",
  "thumbnail":"support/slwebview_files/BNO055_106_d.png",
  "backingUrl":"support/slwebview_files/BNO055_106_d.json",
  "elements":[
   ":113",
   ":115",
   ":116",
   ":109",
   ":114",
   ":117",
   ":118",
   ":110",
   ":107",
   ":108",
   ":119",
   ":120",
   ":111",
   ":112",
   ":113#out:2",
   ":117#out:1",
   ":116#out:1",
   ":113#out:3",
   ":113#out:1",
   ":118#out:1",
   ":114#out:3",
   ":114#out:2",
   ":114#out:1",
   ":115#out:1",
   ":108#out:1",
   ":107#out:1",
   ":109#out:1",
   ":110#out:1",
   ":111#out:1",
   ":112#out:1"
  ],
  "sameAsElement":true
 },
 {
  "hid":38,
  "sid":"BNO055:122",
  "esid":"BNO055:122",
  "parent":7,
  "children":[
   51
  ],
  "name":"Subsystem13",
  "fullname":"BNO055/Subsystem3/Subsystem13",
  "label":"Subsystem13",
  "icon":"BNO0552",
  "svg":"support/slwebview_files/BNO055_122_d.svg",
  "thumbnail":"support/slwebview_files/BNO055_122_d.png",
  "backingUrl":"support/slwebview_files/BNO055_122_d.json",
  "elements":[
   ":123",
   ":124"
  ],
  "sameAsElement":true
 },
 {
  "hid":51,
  "sid":"BNO055:124",
  "esid":"BNO055:124",
  "parent":38,
  "children":[
  ],
  "name":"System Outputs",
  "fullname":"BNO055/Subsystem3/Subsystem13/System Outputs",
  "label":"System Outputs",
  "icon":"BNO0553",
  "svg":"support/slwebview_files/BNO055_124_d.svg",
  "thumbnail":"support/slwebview_files/BNO055_124_d.png",
  "backingUrl":"support/slwebview_files/BNO055_124_d.json",
  "elements":[
  ],
  "sameAsElement":true
 },
 {
  "hid":39,
  "sid":"BNO055:125",
  "esid":"BNO055:125",
  "parent":7,
  "children":[
  ],
  "name":"Subsystem2",
  "fullname":"BNO055/Subsystem3/Subsystem2",
  "label":"Subsystem2",
  "icon":"BNO0552",
  "svg":"support/slwebview_files/BNO055_125_d.svg",
  "thumbnail":"support/slwebview_files/BNO055_125_d.png",
  "backingUrl":"support/slwebview_files/BNO055_125_d.json",
  "elements":[
   ":126",
   ":127",
   ":128",
   ":127#out:1"
  ],
  "sameAsElement":true
 },
 {
  "hid":40,
  "sid":"BNO055:129",
  "esid":"BNO055:129",
  "parent":7,
  "children":[
   50
  ],
  "name":"Subsystem3",
  "fullname":"BNO055/Subsystem3/Subsystem3",
  "label":"Subsystem3",
  "icon":"BNO0552",
  "svg":"support/slwebview_files/BNO055_129_d.svg",
  "thumbnail":"support/slwebview_files/BNO055_129_d.png",
  "backingUrl":"support/slwebview_files/BNO055_129_d.json",
  "elements":[
   ":130",
   ":131"
  ],
  "sameAsElement":true
 },
 {
  "hid":50,
  "sid":"BNO055:131",
  "esid":"BNO055:131",
  "parent":40,
  "children":[
  ],
  "name":"System Outputs",
  "fullname":"BNO055/Subsystem3/Subsystem3/System Outputs",
  "label":"System Outputs",
  "icon":"BNO0553",
  "svg":"support/slwebview_files/BNO055_131_d.svg",
  "thumbnail":"support/slwebview_files/BNO055_131_d.png",
  "backingUrl":"support/slwebview_files/BNO055_131_d.json",
  "elements":[
  ],
  "sameAsElement":true
 },
 {
  "hid":41,
  "sid":"BNO055:132",
  "esid":"BNO055:132",
  "parent":7,
  "children":[
   49
  ],
  "name":"Subsystem4",
  "fullname":"BNO055/Subsystem3/Subsystem4",
  "label":"Subsystem4",
  "icon":"BNO0552",
  "svg":"support/slwebview_files/BNO055_132_d.svg",
  "thumbnail":"support/slwebview_files/BNO055_132_d.png",
  "backingUrl":"support/slwebview_files/BNO055_132_d.json",
  "elements":[
   ":133",
   ":134"
  ],
  "sameAsElement":true
 },
 {
  "hid":49,
  "sid":"BNO055:134",
  "esid":"BNO055:134",
  "parent":41,
  "children":[
  ],
  "name":"System Outputs",
  "fullname":"BNO055/Subsystem3/Subsystem4/System Outputs",
  "label":"System Outputs",
  "icon":"BNO0553",
  "svg":"support/slwebview_files/BNO055_134_d.svg",
  "thumbnail":"support/slwebview_files/BNO055_134_d.png",
  "backingUrl":"support/slwebview_files/BNO055_134_d.json",
  "elements":[
  ],
  "sameAsElement":true
 },
 {
  "hid":42,
  "sid":"BNO055:135",
  "esid":"BNO055:135",
  "parent":7,
  "children":[
  ],
  "name":"Subsystem5",
  "fullname":"BNO055/Subsystem3/Subsystem5",
  "label":"Subsystem5",
  "icon":"BNO0552",
  "svg":"support/slwebview_files/BNO055_135_d.svg",
  "thumbnail":"support/slwebview_files/BNO055_135_d.png",
  "backingUrl":"support/slwebview_files/BNO055_135_d.json",
  "elements":[
   ":136",
   ":138",
   ":137",
   ":137#out:1"
  ],
  "sameAsElement":true
 },
 {
  "hid":43,
  "sid":"BNO055:139",
  "esid":"BNO055:139",
  "parent":7,
  "children":[
  ],
  "name":"Subsystem6",
  "fullname":"BNO055/Subsystem3/Subsystem6",
  "label":"Subsystem6",
  "icon":"BNO0552",
  "svg":"support/slwebview_files/BNO055_139_d.svg",
  "thumbnail":"support/slwebview_files/BNO055_139_d.png",
  "backingUrl":"support/slwebview_files/BNO055_139_d.json",
  "elements":[
   ":140",
   ":142",
   ":141",
   ":141#out:1"
  ],
  "sameAsElement":true
 },
 {
  "hid":44,
  "sid":"BNO055:143",
  "esid":"BNO055:143",
  "parent":7,
  "children":[
  ],
  "name":"Subsystem7",
  "fullname":"BNO055/Subsystem3/Subsystem7",
  "label":"Subsystem7",
  "icon":"BNO0552",
  "svg":"support/slwebview_files/BNO055_143_d.svg",
  "thumbnail":"support/slwebview_files/BNO055_143_d.png",
  "backingUrl":"support/slwebview_files/BNO055_143_d.json",
  "elements":[
   ":144",
   ":145",
   ":146",
   ":145#out:1"
  ],
  "sameAsElement":true
 },
 {
  "hid":45,
  "sid":"BNO055:147",
  "esid":"BNO055:147",
  "parent":7,
  "children":[
   48
  ],
  "name":"Subsystem8",
  "fullname":"BNO055/Subsystem3/Subsystem8",
  "label":"Subsystem8",
  "icon":"BNO0552",
  "svg":"support/slwebview_files/BNO055_147_d.svg",
  "thumbnail":"support/slwebview_files/BNO055_147_d.png",
  "backingUrl":"support/slwebview_files/BNO055_147_d.json",
  "elements":[
   ":148",
   ":149"
  ],
  "sameAsElement":true
 },
 {
  "hid":48,
  "sid":"BNO055:149",
  "esid":"BNO055:149",
  "parent":45,
  "children":[
  ],
  "name":"System Outputs",
  "fullname":"BNO055/Subsystem3/Subsystem8/System Outputs",
  "label":"System Outputs",
  "icon":"BNO0553",
  "svg":"support/slwebview_files/BNO055_149_d.svg",
  "thumbnail":"support/slwebview_files/BNO055_149_d.png",
  "backingUrl":"support/slwebview_files/BNO055_149_d.json",
  "elements":[
  ],
  "sameAsElement":true
 },
 {
  "hid":46,
  "sid":"BNO055:150",
  "esid":"BNO055:150",
  "parent":7,
  "children":[
   47
  ],
  "name":"Subsystem9",
  "fullname":"BNO055/Subsystem3/Subsystem9",
  "label":"Subsystem9",
  "icon":"BNO0552",
  "svg":"support/slwebview_files/BNO055_150_d.svg",
  "thumbnail":"support/slwebview_files/BNO055_150_d.png",
  "backingUrl":"support/slwebview_files/BNO055_150_d.json",
  "elements":[
   ":151",
   ":152"
  ],
  "sameAsElement":true
 },
 {
  "hid":47,
  "sid":"BNO055:152",
  "esid":"BNO055:152",
  "parent":46,
  "children":[
  ],
  "name":"System Outputs",
  "fullname":"BNO055/Subsystem3/Subsystem9/System Outputs",
  "label":"System Outputs",
  "icon":"BNO0553",
  "svg":"support/slwebview_files/BNO055_152_d.svg",
  "thumbnail":"support/slwebview_files/BNO055_152_d.png",
  "backingUrl":"support/slwebview_files/BNO055_152_d.json",
  "elements":[
  ],
  "sameAsElement":true
 },
 {
  "hid":8,
  "sid":"BNO055:156",
  "esid":"BNO055:156",
  "parent":1,
  "children":[
   9,
   10,
   11,
   12,
   13,
   14
  ],
  "name":"Subsystem5",
  "fullname":"BNO055/Subsystem5",
  "label":"Subsystem5",
  "icon":"BNO0552",
  "svg":"support/slwebview_files/BNO055_156_d.svg",
  "thumbnail":"support/slwebview_files/BNO055_156_d.png",
  "backingUrl":"support/slwebview_files/BNO055_156_d.json",
  "elements":[
   ":157",
   ":158",
   ":207",
   ":220",
   ":171",
   ":217",
   ":168",
   ":163",
   ":164",
   ":161",
   ":160",
   ":159",
   ":162",
   ":174",
   ":162#out:2",
   ":162#out:1",
   ":174#out:1",
   ":159#out:1",
   ":160#out:1",
   ":161#out:1",
   ":163#out:1",
   ":158#out:1",
   ":159#out:2",
   ":160#out:2",
   ":161#out:2",
   ":163#out:2"
  ],
  "sameAsElement":true
 },
 {
  "hid":9,
  "sid":"BNO055:164",
  "esid":"BNO055:164",
  "parent":8,
  "children":[
  ],
  "name":"Subsystem",
  "fullname":"BNO055/Subsystem5/Subsystem",
  "label":"Subsystem",
  "icon":"BNO0552",
  "svg":"support/slwebview_files/BNO055_164_d.svg",
  "thumbnail":"support/slwebview_files/BNO055_164_d.png",
  "backingUrl":"support/slwebview_files/BNO055_164_d.json",
  "elements":[
   ":165",
   ":166",
   ":167",
   ":166#out:1"
  ],
  "sameAsElement":true
 },
 {
  "hid":10,
  "sid":"BNO055:168",
  "esid":"BNO055:168",
  "parent":8,
  "children":[
   28
  ],
  "name":"Subsystem1",
  "fullname":"BNO055/Subsystem5/Subsystem1",
  "label":"Subsystem1",
  "icon":"BNO0552",
  "svg":"support/slwebview_files/BNO055_168_d.svg",
  "thumbnail":"support/slwebview_files/BNO055_168_d.png",
  "backingUrl":"support/slwebview_files/BNO055_168_d.json",
  "elements":[
   ":169",
   ":170"
  ],
  "sameAsElement":true
 },
 {
  "hid":28,
  "sid":"BNO055:170",
  "esid":"BNO055:170",
  "parent":10,
  "children":[
  ],
  "name":"System Outputs",
  "fullname":"BNO055/Subsystem5/Subsystem1/System Outputs",
  "label":"System Outputs",
  "icon":"BNO0553",
  "svg":"support/slwebview_files/BNO055_170_d.svg",
  "thumbnail":"support/slwebview_files/BNO055_170_d.png",
  "backingUrl":"support/slwebview_files/BNO055_170_d.json",
  "elements":[
  ],
  "sameAsElement":true
 },
 {
  "hid":11,
  "sid":"BNO055:171",
  "esid":"BNO055:171",
  "parent":8,
  "children":[
   27
  ],
  "name":"Subsystem2",
  "fullname":"BNO055/Subsystem5/Subsystem2",
  "label":"Subsystem2",
  "icon":"BNO0552",
  "svg":"support/slwebview_files/BNO055_171_d.svg",
  "thumbnail":"support/slwebview_files/BNO055_171_d.png",
  "backingUrl":"support/slwebview_files/BNO055_171_d.json",
  "elements":[
   ":172",
   ":173"
  ],
  "sameAsElement":true
 },
 {
  "hid":27,
  "sid":"BNO055:173",
  "esid":"BNO055:173",
  "parent":11,
  "children":[
  ],
  "name":"System Outputs",
  "fullname":"BNO055/Subsystem5/Subsystem2/System Outputs",
  "label":"System Outputs",
  "icon":"BNO0553",
  "svg":"support/slwebview_files/BNO055_173_d.svg",
  "thumbnail":"support/slwebview_files/BNO055_173_d.png",
  "backingUrl":"support/slwebview_files/BNO055_173_d.json",
  "elements":[
  ],
  "sameAsElement":true
 },
 {
  "hid":12,
  "sid":"BNO055:174",
  "esid":"BNO055:174",
  "parent":8,
  "children":[
   19
  ],
  "name":"Subsystem4",
  "fullname":"BNO055/Subsystem5/Subsystem4",
  "label":"Subsystem4",
  "icon":"BNO0552",
  "svg":"support/slwebview_files/BNO055_174_d.svg",
  "thumbnail":"support/slwebview_files/BNO055_174_d.png",
  "backingUrl":"support/slwebview_files/BNO055_174_d.json",
  "elements":[
   ":175",
   ":176",
   ":206",
   ":176#out:1"
  ],
  "sameAsElement":true
 },
 {
  "hid":19,
  "sid":"BNO055:176",
  "esid":"BNO055:176",
  "parent":12,
  "children":[
   20,
   21,
   22,
   23,
   24
  ],
  "name":"While Iterator\nSubsystem",
  "fullname":"BNO055/Subsystem5/Subsystem4/While Iterator Subsystem",
  "label":"While Iterator Subsystem",
  "icon":"BNO0552",
  "svg":"support/slwebview_files/BNO055_176_d.svg",
  "thumbnail":"support/slwebview_files/BNO055_176_d.png",
  "backingUrl":"support/slwebview_files/BNO055_176_d.json",
  "elements":[
   ":204",
   ":177",
   ":183",
   ":187",
   ":191",
   ":181",
   ":179",
   ":178",
   ":205",
   ":201",
   ":182",
   ":184",
   ":180",
   ":177#out:1",
   ":179#out:1",
   ":181#out:1",
   ":183#out:1",
   ":191#out:1",
   ":204#out:1",
   ":178#out:1",
   ":182#out:2",
   ":181#out:2",
   ":182#out:1",
   ":180#out:1",
   ":180#out:2"
  ],
  "sameAsElement":true
 },
 {
  "hid":20,
  "sid":"BNO055:177",
  "esid":"BNO055:177",
  "parent":19,
  "children":[
  ],
  "name":"Compare\nTo Constant",
  "fullname":"BNO055/Subsystem5/Subsystem4/While Iterator Subsystem/Compare To Constant",
  "label":"Compare To Constant",
  "icon":"BNO0551",
  "svg":"support/slwebview_files/BNO055_177_d.svg",
  "thumbnail":"support/slwebview_files/BNO055_177_d.png",
  "backingUrl":"support/slwebview_files/BNO055_177_d.json",
  "elements":[
   ":177:4",
   ":177:3",
   ":177:2",
   ":177:1",
   ":177:1#out:1",
   ":177:3#out:1",
   ":177:2#out:1"
  ],
  "sameAsElement":true
 },
 {
  "hid":21,
  "sid":"BNO055:184",
  "esid":"BNO055:184",
  "parent":19,
  "children":[
   26
  ],
  "name":"Subsystem1",
  "fullname":"BNO055/Subsystem5/Subsystem4/While Iterator Subsystem/Subsystem1",
  "label":"Subsystem1",
  "icon":"BNO0552",
  "svg":"support/slwebview_files/BNO055_184_d.svg",
  "thumbnail":"support/slwebview_files/BNO055_184_d.png",
  "backingUrl":"support/slwebview_files/BNO055_184_d.json",
  "elements":[
   ":185",
   ":186"
  ],
  "sameAsElement":true
 },
 {
  "hid":26,
  "sid":"BNO055:186",
  "esid":"BNO055:186",
  "parent":21,
  "children":[
  ],
  "name":"System Outputs",
  "fullname":"BNO055/Subsystem5/Subsystem4/While Iterator Subsystem/Subsystem1/System Outputs",
  "label":"System Outputs",
  "icon":"BNO0553",
  "svg":"support/slwebview_files/BNO055_186_d.svg",
  "thumbnail":"support/slwebview_files/BNO055_186_d.png",
  "backingUrl":"support/slwebview_files/BNO055_186_d.json",
  "elements":[
  ],
  "sameAsElement":true
 },
 {
  "hid":22,
  "sid":"BNO055:187",
  "esid":"BNO055:187",
  "parent":19,
  "children":[
  ],
  "name":"Subsystem2",
  "fullname":"BNO055/Subsystem5/Subsystem4/While Iterator Subsystem/Subsystem2",
  "label":"Subsystem2",
  "icon":"BNO0552",
  "svg":"support/slwebview_files/BNO055_187_d.svg",
  "thumbnail":"support/slwebview_files/BNO055_187_d.png",
  "backingUrl":"support/slwebview_files/BNO055_187_d.json",
  "elements":[
   ":189",
   ":188",
   ":190",
   ":188#out:1"
  ],
  "sameAsElement":true
 },
 {
  "hid":23,
  "sid":"BNO055:191",
  "esid":"BNO055:191",
  "parent":19,
  "children":[
  ],
  "name":"Subsystem3",
  "fullname":"BNO055/Subsystem5/Subsystem4/While Iterator Subsystem/Subsystem3",
  "label":"Subsystem3",
  "icon":"BNO0552",
  "svg":"support/slwebview_files/BNO055_191_d.svg",
  "thumbnail":"support/slwebview_files/BNO055_191_d.png",
  "backingUrl":"support/slwebview_files/BNO055_191_d.json",
  "elements":[
   ":193",
   ":198",
   ":192",
   ":200",
   ":195",
   ":194",
   ":196",
   ":199",
   ":197",
   ":192#out:1",
   ":198#out:1",
   ":195#out:1",
   ":196#out:1",
   ":196#out:2",
   ":194#out:1",
   ":199#out:1",
   ":197#out:1"
  ],
  "sameAsElement":true
 },
 {
  "hid":24,
  "sid":"BNO055:201",
  "esid":"BNO055:201",
  "parent":19,
  "children":[
   25
  ],
  "name":"Subsystem4",
  "fullname":"BNO055/Subsystem5/Subsystem4/While Iterator Subsystem/Subsystem4",
  "label":"Subsystem4",
  "icon":"BNO0552",
  "svg":"support/slwebview_files/BNO055_201_d.svg",
  "thumbnail":"support/slwebview_files/BNO055_201_d.png",
  "backingUrl":"support/slwebview_files/BNO055_201_d.json",
  "elements":[
   ":202",
   ":203"
  ],
  "sameAsElement":true
 },
 {
  "hid":25,
  "sid":"BNO055:203",
  "esid":"BNO055:203",
  "parent":24,
  "children":[
  ],
  "name":"System Outputs",
  "fullname":"BNO055/Subsystem5/Subsystem4/While Iterator Subsystem/Subsystem4/System Outputs",
  "label":"System Outputs",
  "icon":"BNO0553",
  "svg":"support/slwebview_files/BNO055_203_d.svg",
  "thumbnail":"support/slwebview_files/BNO055_203_d.png",
  "backingUrl":"support/slwebview_files/BNO055_203_d.json",
  "elements":[
  ],
  "sameAsElement":true
 },
 {
  "hid":13,
  "sid":"BNO055:207",
  "esid":"BNO055:207",
  "parent":8,
  "children":[
   16
  ],
  "name":"Subsystem6",
  "fullname":"BNO055/Subsystem5/Subsystem6",
  "label":"Subsystem6",
  "icon":"BNO0552",
  "svg":"support/slwebview_files/BNO055_207_d.svg",
  "thumbnail":"support/slwebview_files/BNO055_207_d.png",
  "backingUrl":"support/slwebview_files/BNO055_207_d.json",
  "elements":[
   ":208",
   ":209"
  ],
  "sameAsElement":true
 },
 {
  "hid":16,
  "sid":"BNO055:209",
  "esid":"BNO055:209",
  "parent":13,
  "children":[
   17,
   18
  ],
  "name":"While Iterator\nSubsystem",
  "fullname":"BNO055/Subsystem5/Subsystem6/While Iterator Subsystem",
  "label":"While Iterator Subsystem",
  "icon":"BNO0552",
  "svg":"support/slwebview_files/BNO055_209_d.svg",
  "thumbnail":"support/slwebview_files/BNO055_209_d.png",
  "backingUrl":"support/slwebview_files/BNO055_209_d.json",
  "elements":[
   ":216",
   ":210",
   ":212",
   ":213",
   ":211",
   ":215",
   ":214",
   ":210#out:1",
   ":216#out:1",
   ":211#out:1",
   ":213#out:1",
   ":214#out:1",
   ":213#out:2"
  ],
  "sameAsElement":true
 },
 {
  "hid":17,
  "sid":"BNO055:210",
  "esid":"BNO055:210",
  "parent":16,
  "children":[
  ],
  "name":"Compare\nTo Constant",
  "fullname":"BNO055/Subsystem5/Subsystem6/While Iterator Subsystem/Compare To Constant",
  "label":"Compare To Constant",
  "icon":"BNO0551",
  "svg":"support/slwebview_files/BNO055_210_d.svg",
  "thumbnail":"support/slwebview_files/BNO055_210_d.png",
  "backingUrl":"support/slwebview_files/BNO055_210_d.json",
  "elements":[
   ":210:4",
   ":210:3",
   ":210:2",
   ":210:1",
   ":210:1#out:1",
   ":210:3#out:1",
   ":210:2#out:1"
  ],
  "sameAsElement":true
 },
 {
  "hid":18,
  "sid":"BNO055:215",
  "esid":"BNO055:215",
  "parent":16,
  "children":[
  ],
  "name":"System Outputs",
  "fullname":"BNO055/Subsystem5/Subsystem6/While Iterator Subsystem/System Outputs",
  "label":"System Outputs",
  "icon":"BNO0553",
  "svg":"support/slwebview_files/BNO055_215_d.svg",
  "thumbnail":"support/slwebview_files/BNO055_215_d.png",
  "backingUrl":"support/slwebview_files/BNO055_215_d.json",
  "elements":[
  ],
  "sameAsElement":true
 },
 {
  "hid":14,
  "sid":"BNO055:217",
  "esid":"BNO055:217",
  "parent":8,
  "children":[
   15
  ],
  "name":"Subsystem7",
  "fullname":"BNO055/Subsystem5/Subsystem7",
  "label":"Subsystem7",
  "icon":"BNO0552",
  "svg":"support/slwebview_files/BNO055_217_d.svg",
  "thumbnail":"support/slwebview_files/BNO055_217_d.png",
  "backingUrl":"support/slwebview_files/BNO055_217_d.json",
  "elements":[
   ":218",
   ":219"
  ],
  "sameAsElement":true
 },
 {
  "hid":15,
  "sid":"BNO055:219",
  "esid":"BNO055:219",
  "parent":14,
  "children":[
  ],
  "name":"System Outputs",
  "fullname":"BNO055/Subsystem5/Subsystem7/System Outputs",
  "label":"System Outputs",
  "icon":"BNO0553",
  "svg":"support/slwebview_files/BNO055_219_d.svg",
  "thumbnail":"support/slwebview_files/BNO055_219_d.png",
  "backingUrl":"support/slwebview_files/BNO055_219_d.json",
  "elements":[
  ],
  "sameAsElement":true
 }
]