[
 {
  "sid":"BNO055:185",
  "className":"Simulink.TriggerPort",
  "icon":"BNO0551",
  "name":"function",
  "label":"function",
  "parent":"BNO055:184",
  "inspector":{
   "params":[
    "TriggerType",
    "IsSimulinkFunction",
    "StatesWhenEnabling",
    "PropagateVarSize",
    "ShowOutputPort",
    "OutputDataType",
    "SampleTimeType",
    "SampleTime",
    "ZeroCross",
    "PortDimensions",
    "TriggerSignalSampleTime",
    "OutMin",
    "OutMax",
    "OutDataTypeStr",
    "Interpolate",
    "FunctionName",
    "FunctionPrototype",
    "FunctionVisibility",
    "GeneratePreprocessorConditionals",
    "InitialTriggerSignalState",
    "QueueOption",
    "ScopeName",
    "Variant",
    "VariantControl"
   ],
   "values":[
    "function-call",
    "off",
    "held",
    "During execution",
    "off",
    "auto",
    "triggered",
    "1",
    "on",
    "-1",
    "-1",
    "[]",
    "[]",
    "Inherit: auto",
    "on",
    "",
    "f()",
    "global",
    "off",
    "compatibility (no trigger on first evaluation)",
    "One message at a time",
    "",
    "off",
    "Variant"
   ],
   "tabs":[
    "Main",
    "Signal Attributes",
    "-Other"
   ],
   "tabs_idx":[
    0,
    9,
    15
   ]
  },
  "viewer":{
   "jshandler":"webview/handlers/ElementHandler"
  },
  "obj_viewer":[
  ],
  "finder":{
   "blocktype":"TriggerPort",
   "masktype":""
  }
 },
 {
  "sid":"BNO055:186",
  "className":"System Outputs",
  "icon":"BNO0553",
  "name":"System Outputs",
  "label":"System Outputs",
  "parent":"BNO055:184",
  "inspector":{
   "params":[
    "ShowInLibBrowser"
   ],
   "values":[
    "0"
   ],
   "tabs":[
   ],
   "tabs_idx":[
   ]
  },
  "viewer":{
   "jshandler":"webview/handlers/ElementHandler"
  },
  "obj_viewer":[
  ],
  "finder":{
   "blocktype":"SubSystem",
   "masktype":"System Outputs"
  }
 }
]