{
 "baseUrl":"support/slwebview_files",
 "homeHid":1,
 "initialElement":"",
 "sections":[
  {
   "hid":1,
   "sid":"BNO055",
   "name":"BNO055",
   "fullname":"BNO055",
   "label":"BNO055",
   "parent":0,
   "descendants":[
    2,
    64,
    67,
    65,
    66,
    3,
    61,
    62,
    63,
    4,
    60,
    5,
    6,
    7,
    29,
    59,
    30,
    58,
    31,
    57,
    32,
    56,
    33,
    34,
    35,
    55,
    36,
    54,
    37,
    52,
    53,
    38,
    51,
    39,
    40,
    50,
    41,
    49,
    42,
    43,
    44,
    45,
    48,
    46,
    47,
    8,
    9,
    10,
    28,
    11,
    27,
    12,
    19,
    20,
    21,
    26,
    22,
    23,
    24,
    25,
    13,
    16,
    17,
    18,
    14,
    15
   ],
   "hierarchyUrl":"support/slwebview_files/BNO055_h_1.json",
   "backingUrl":"support/slwebview_files/BNO055_m.json"
  }
 ],
 "optViews":[
 ],
 "display":{
  "informer":false
 },
 "iconsUrl":"support/slwebview_files/BNO055_icons.css"
}